user_id,age_group,nationality,travel_companion,budget,interests,trip_duration_days,season,crowd_preference,visited_egypt_before
1,adult,Egyptian,friends,medium,nature,3,winter,crowded,True
2,senior,Chinese,family,medium,food|beach|nature|religious,4,summer,crowded,False
3,adult,Egyptian,solo,medium,religious|history,5,winter,quiet,True
4,teen,Egyptian,couple,medium,history|adventure|beach,6,winter,quiet,False
5,adult,Spanish,solo,medium,history,5,winter,no_preference,True
6,adult,Egyptian,couple,low,nature|adventure,11,spring,quiet,True
7,teen,Emirati,friends,low,wellness|religious,6,spring,quiet,False
8,adult,British,friends,high,history|beach|wellness,7,autumn,no_preference,True
9,teen,Egyptian,solo,low,beach|food,1,winter,no_preference,True
10,adult,Egyptian,couple,medium,history|food|nature,12,summer,no_preference,True
11,adult,French,solo,low,history|nature|wellness,5,spring,no_preference,True
12,teen,Saudi,couple,low,wellness|history|religious,7,autumn,crowded,False
13,adult,Emirati,couple,medium,religious|food|adventure,6,spring,crowded,False
14,adult,Emirati,family,medium,history|nature,6,spring,quiet,False
15,teen,Emirati,solo,low,history|beach,7,spring,no_preference,True
16,adult,Egyptian,couple,high,food,10,winter,crowded,False
17,senior,Egyptian,friends,medium,food|beach|adventure,7,autumn,no_preference,True
18,adult,Egyptian,friends,high,food,3,winter,quiet,False
19,adult,Egyptian,friends,low,beach|religious,5,winter,crowded,True
20,adult,Saudi,friends,medium,wellness|food|religious,5,winter,no_preference,False
21,senior,Egyptian,couple,medium,adventure|history,6,winter,quiet,False
22,adult,Egyptian,solo,low,adventure|food,4,autumn,quiet,True
23,senior,French,couple,medium,beach|religious,14,spring,quiet,True
24,adult,Saudi,family,medium,nature|wellness|adventure,10,summer,crowded,True
25,teen,Egyptian,family,medium,beach|adventure,11,summer,quiet,False
26,adult,Saudi,family,medium,nature,12,autumn,crowded,True
27,senior,British,friends,low,religious|wellness|food,5,spring,quiet,False
28,adult,Saudi,solo,high,beach|religious|wellness,1,autumn,quiet,False
29,adult,Egyptian,friends,high,adventure|history|beach,4,spring,crowded,False
30,senior,Egyptian,family,low,wellness|religious|history,9,summer,crowded,True
31,adult,Egyptian,family,medium,wellness|religious|food,11,winter,quiet,False
32,adult,Egyptian,family,high,history|nature,4,spring,quiet,False
33,adult,German,couple,high,religious|food|nature,4,winter,no_preference,True
34,adult,Egyptian,family,medium,beach|wellness|history,7,winter,crowded,False
35,adult,Saudi,solo,high,adventure|beach|religious|history,7,autumn,crowded,False
36,senior,Egyptian,couple,high,adventure|nature|religious,12,autumn,quiet,True
37,senior,American,couple,low,food|beach|religious|history,12,winter,quiet,True
38,teen,Kuwaiti,family,high,history|adventure,8,summer,no_preference,False
39,adult,Italian,family,medium,adventure|food|beach,3,winter,no_preference,True
40,senior,American,family,medium,religious|history|nature,10,spring,no_preference,False
41,senior,Egyptian,couple,medium,adventure|religious,5,summer,quiet,True
42,adult,Chinese,couple,medium,wellness,11,summer,quiet,True
43,teen,Egyptian,family,high,religious|adventure|wellness,6,winter,crowded,False
44,adult,Emirati,family,medium,adventure|nature|beach|food,9,spring,quiet,False
45,adult,Australian,couple,medium,nature,8,summer,no_preference,True
46,adult,British,couple,low,religious|wellness,4,winter,no_preference,True
47,adult,German,couple,high,history|food,3,spring,quiet,False
48,adult,Egyptian,couple,high,beach,12,summer,crowded,True
49,senior,Emirati,family,medium,history|nature,3,summer,crowded,True
50,adult,Saudi,couple,medium,history,8,spring,quiet,True
51,adult,German,friends,medium,beach,6,winter,crowded,False
52,adult,Emirati,friends,medium,beach|religious|adventure,9,winter,quiet,True
53,senior,Egyptian,couple,high,wellness,9,autumn,crowded,True
54,teen,Jordanian,solo,medium,history|nature,4,summer,crowded,True
55,adult,Kuwaiti,couple,low,wellness|adventure|history,13,spring,no_preference,False
56,adult,Indian,couple,low,nature|history|adventure,9,spring,quiet,False
57,adult,Saudi,family,medium,adventure|history|beach,6,autumn,no_preference,True
58,adult,Saudi,solo,high,wellness|beach|adventure,2,winter,no_preference,True
59,adult,Spanish,solo,high,beach|history,4,summer,no_preference,False
60,adult,American,family,medium,adventure|religious,4,winter,no_preference,True
61,adult,British,family,low,religious,3,winter,quiet,False
62,senior,German,couple,low,adventure|beach|nature,9,summer,crowded,False
63,teen,Egyptian,family,low,beach|wellness|history,5,spring,crowded,True
64,senior,Japanese,couple,medium,wellness|food|adventure|nature,9,spring,no_preference,False
65,adult,Qatari,solo,high,nature|religious,6,winter,crowded,False
66,adult,Egyptian,solo,medium,beach,2,summer,quiet,True
67,adult,Jordanian,family,high,history|religious,11,winter,crowded,True
68,senior,Emirati,solo,high,food|history|nature,5,summer,no_preference,False
69,teen,American,family,high,adventure|religious|beach,3,winter,quiet,False
70,adult,Spanish,family,high,history|beach,4,summer,no_preference,False
71,adult,Saudi,family,low,nature|beach,9,winter,quiet,True
72,teen,Saudi,friends,high,religious|beach,2,spring,no_preference,False
73,adult,French,solo,high,wellness|nature|religious|food,3,spring,quiet,True
74,adult,Saudi,friends,high,nature,7,summer,no_preference,True
75,senior,Chinese,solo,medium,wellness|beach|food|adventure,3,winter,no_preference,False
76,adult,Italian,couple,low,history|adventure|wellness,12,summer,no_preference,False
77,senior,Egyptian,family,high,history|adventure|religious,6,autumn,quiet,False
78,teen,German,friends,medium,beach|food|history,5,winter,quiet,True
79,teen,Jordanian,family,medium,beach|wellness,11,spring,quiet,False
80,adult,French,friends,medium,religious,10,summer,quiet,True
81,adult,British,couple,low,adventure|religious,7,summer,quiet,False
82,adult,Saudi,friends,medium,history|beach|food,3,winter,quiet,False
83,senior,Egyptian,friends,low,nature|religious,4,autumn,quiet,True
84,senior,Egyptian,couple,medium,religious|beach,14,spring,crowded,True
85,teen,Saudi,solo,low,nature,6,spring,no_preference,False
86,adult,Egyptian,family,low,religious,10,winter,crowded,True
87,adult,Saudi,solo,low,adventure|history,1,winter,quiet,False
88,adult,Jordanian,solo,high,adventure,3,spring,no_preference,True
89,teen,Egyptian,couple,high,food,5,spring,quiet,False
90,adult,Egyptian,family,medium,food|beach|wellness,11,winter,crowded,False
91,adult,Saudi,friends,medium,religious,2,winter,quiet,True
92,adult,Egyptian,couple,medium,nature|beach,11,summer,quiet,True
93,teen,Emirati,friends,medium,food|religious|nature,4,spring,crowded,True
94,adult,Egyptian,family,medium,history,7,winter,quiet,True
95,adult,Egyptian,family,medium,adventure|history|food,6,autumn,crowded,False
96,adult,Egyptian,couple,low,nature|history,8,winter,no_preference,False
97,teen,Saudi,family,medium,adventure,9,autumn,no_preference,False
98,senior,Dutch,friends,low,nature|beach|adventure,4,winter,quiet,False
99,adult,Saudi,couple,high,adventure|beach,9,winter,quiet,True
100,adult,Egyptian,solo,medium,nature|food,7,winter,quiet,False
101,adult,Indian,solo,medium,adventure,6,summer,quiet,False
102,adult,Emirati,couple,medium,adventure|beach,7,spring,quiet,True
103,adult,French,friends,high,nature,3,autumn,no_preference,True
104,adult,Egyptian,solo,medium,history|wellness|beach,2,winter,no_preference,False
105,adult,Emirati,solo,low,wellness|food|nature,7,spring,quiet,False
106,senior,Emirati,couple,high,beach|adventure,3,winter,quiet,False
107,adult,British,family,low,wellness|food,7,autumn,no_preference,False
108,adult,Egyptian,solo,high,adventure|food,3,spring,no_preference,False
109,adult,Saudi,family,high,wellness,11,spring,crowded,True
110,adult,Saudi,solo,medium,history|adventure|food,2,spring,no_preference,False
111,teen,Egyptian,friends,low,food|history|nature,8,winter,crowded,True
112,adult,Egyptian,family,medium,adventure|food,9,spring,quiet,False
113,adult,Spanish,friends,medium,religious|history,8,winter,crowded,False
114,adult,Dutch,family,medium,beach|food|history,9,summer,quiet,True
115,adult,German,friends,medium,adventure|religious,5,winter,quiet,True
116,adult,Polish,friends,high,history,7,winter,no_preference,False
117,teen,Saudi,friends,high,nature|history,6,winter,crowded,False
118,adult,British,friends,low,nature|wellness,7,winter,no_preference,True
119,adult,Emirati,couple,medium,food|religious,5,winter,crowded,True
120,adult,British,couple,medium,nature|wellness,13,autumn,quiet,False
121,teen,Saudi,family,low,beach,12,autumn,crowded,False
122,senior,Egyptian,family,medium,wellness|religious|history,7,summer,no_preference,True
123,adult,Egyptian,solo,low,wellness|religious,5,winter,no_preference,False
124,adult,Egyptian,family,medium,wellness|adventure,10,winter,crowded,False
125,senior,Saudi,friends,medium,religious|wellness|beach,3,winter,crowded,True
126,adult,Egyptian,family,medium,nature|adventure,12,summer,quiet,True
127,teen,Egyptian,solo,high,adventure|beach|food,2,winter,crowded,False
128,adult,American,family,high,beach|history,3,spring,crowded,True
129,adult,Egyptian,friends,low,wellness|religious,3,summer,crowded,False
130,adult,Egyptian,couple,high,nature|religious,6,spring,quiet,False
131,adult,Saudi,couple,medium,wellness|adventure,9,winter,quiet,True
132,senior,Qatari,family,low,nature|adventure,3,autumn,no_preference,False
133,adult,Egyptian,solo,low,adventure|history|wellness,2,winter,crowded,True
134,adult,Egyptian,friends,medium,nature|religious,9,winter,no_preference,True
135,teen,Chinese,family,low,beach|history|wellness,5,winter,crowded,False
136,teen,British,solo,high,nature|religious,5,autumn,quiet,False
137,adult,Egyptian,friends,medium,adventure|wellness,10,winter,crowded,True
138,adult,Egyptian,solo,medium,religious|wellness,2,winter,quiet,False
139,adult,Spanish,couple,medium,wellness|adventure|food,6,winter,no_preference,False
140,adult,Emirati,solo,low,food,7,winter,quiet,False
141,adult,Emirati,family,low,wellness|nature|beach,7,summer,quiet,True
142,adult,Egyptian,couple,high,nature|food|beach,7,spring,quiet,True
143,adult,Saudi,solo,high,religious|history|beach|adventure,2,summer,crowded,True
144,adult,American,friends,medium,beach|nature|adventure,3,spring,no_preference,True
145,adult,Egyptian,couple,low,food|religious|wellness|nature,3,autumn,no_preference,True
146,senior,American,solo,medium,wellness,4,autumn,quiet,False
147,senior,Jordanian,friends,high,religious|nature|history,8,winter,quiet,False
148,adult,Egyptian,solo,medium,food,3,winter,quiet,False
149,adult,Italian,family,low,adventure|wellness,11,winter,quiet,False
150,adult,Jordanian,friends,medium,religious,5,winter,crowded,False
151,senior,Saudi,family,high,food|wellness|nature|history,9,spring,no_preference,True
152,adult,French,couple,medium,nature|wellness|beach|adventure,5,autumn,quiet,False
153,adult,Egyptian,family,low,religious|history,9,summer,quiet,False
154,adult,Saudi,solo,low,nature|history,1,autumn,quiet,False
155,adult,Kuwaiti,friends,high,beach|wellness,4,summer,no_preference,True
156,adult,Spanish,family,low,wellness|food,6,autumn,quiet,False
157,adult,Egyptian,family,low,food|wellness,7,winter,no_preference,False
158,adult,Indian,solo,high,adventure|wellness|food|history,4,autumn,crowded,True
159,adult,Egyptian,family,medium,religious|history|food,6,winter,crowded,False
160,adult,Egyptian,family,medium,adventure|nature|history,3,summer,crowded,False
161,senior,British,friends,high,beach|history|religious,4,spring,crowded,True
162,adult,Egyptian,couple,low,wellness|nature,4,spring,crowded,False
163,adult,British,solo,high,beach|wellness,6,winter,no_preference,True
164,adult,Italian,family,medium,food|beach|religious,12,winter,quiet,False
165,senior,American,friends,medium,nature|history|beach,6,spring,quiet,True
166,adult,Chinese,solo,high,history,3,autumn,crowded,False
167,adult,Emirati,family,low,wellness|adventure|beach,4,spring,crowded,False
168,adult,German,family,high,adventure|nature,6,spring,quiet,True
169,adult,Saudi,solo,high,adventure|food|religious|history,7,winter,quiet,False
170,senior,Egyptian,solo,high,adventure,1,spring,no_preference,True
171,teen,Jordanian,family,medium,wellness,8,spring,no_preference,True
172,senior,Egyptian,family,low,nature,8,spring,quiet,True
173,adult,Canadian,family,medium,wellness|adventure,4,winter,quiet,True
174,adult,Egyptian,solo,high,food|nature,7,spring,quiet,False
175,adult,Spanish,couple,high,beach|wellness,5,winter,quiet,False
176,adult,Kuwaiti,couple,low,nature|food,12,autumn,crowded,False
177,adult,Emirati,solo,medium,religious|wellness|nature,4,winter,no_preference,False
178,adult,French,friends,high,religious|food|nature,5,spring,quiet,False
179,teen,Emirati,solo,high,history|food|wellness,2,spring,crowded,False
180,teen,Egyptian,family,medium,religious|adventure,9,winter,quiet,True
181,adult,Egyptian,family,medium,wellness,8,winter,quiet,True
182,adult,Italian,family,medium,beach|food|nature,8,spring,crowded,True
183,adult,Emirati,solo,low,religious,6,autumn,quiet,False
184,adult,Egyptian,family,low,religious|history,11,winter,quiet,False
185,teen,American,solo,medium,history|beach,6,summer,no_preference,True
186,adult,Egyptian,solo,low,religious|beach|wellness,6,spring,no_preference,False
187,teen,Italian,family,medium,wellness|history|nature,7,autumn,quiet,True
188,adult,Emirati,solo,high,nature|beach|food,6,winter,quiet,False
189,adult,Egyptian,family,low,wellness|religious,11,summer,no_preference,True
190,adult,German,friends,medium,nature|religious|food,7,winter,quiet,False
191,adult,German,family,low,food|adventure|nature|beach,4,autumn,crowded,False
192,adult,Jordanian,solo,low,food|history,6,winter,no_preference,False
193,adult,Egyptian,couple,medium,adventure|nature|beach|religious,6,winter,no_preference,False
194,adult,Qatari,couple,medium,food|nature|religious,11,winter,quiet,False
195,adult,German,family,high,history|beach|food,6,winter,no_preference,True
196,teen,Russian,family,high,food|history,11,winter,crowded,True
197,senior,Emirati,couple,low,history|adventure,11,autumn,quiet,True
198,adult,German,solo,medium,beach|nature,7,autumn,quiet,False
199,adult,Egyptian,solo,high,history|adventure,5,winter,crowded,True
200,adult,German,couple,high,wellness|adventure,8,winter,no_preference,True
201,adult,Emirati,solo,low,history|food|wellness,1,spring,no_preference,False
202,adult,Egyptian,family,high,wellness,10,winter,crowded,True
203,adult,Dutch,friends,low,nature|adventure,2,summer,quiet,True
204,adult,Egyptian,solo,low,adventure|religious|food|history,2,autumn,no_preference,True
205,adult,American,friends,medium,adventure|wellness,5,winter,crowded,False
206,teen,Russian,couple,medium,wellness|adventure|nature,7,winter,crowded,False
207,adult,Chinese,couple,high,wellness|food|religious,12,winter,no_preference,True
208,adult,Egyptian,couple,medium,nature|history,6,autumn,no_preference,False
209,adult,German,family,low,food|nature,4,spring,crowded,True
210,adult,Jordanian,friends,low,beach|religious,3,autumn,no_preference,True
211,adult,American,family,high,wellness|adventure,12,winter,no_preference,False
212,adult,British,family,medium,history,6,spring,crowded,True
213,adult,Saudi,couple,medium,food|nature,10,spring,crowded,True
214,adult,German,couple,low,beach|food|religious,13,spring,quiet,False
215,adult,Saudi,friends,medium,beach,8,winter,quiet,True
216,adult,Italian,family,medium,beach|nature|adventure,7,spring,no_preference,False
217,senior,Qatari,solo,low,history|adventure|beach,7,summer,crowded,True
218,senior,Emirati,solo,high,nature,7,winter,crowded,False
219,adult,German,couple,high,food|wellness,4,winter,no_preference,False
220,adult,Egyptian,couple,low,food|nature|wellness,7,winter,quiet,False
221,adult,Emirati,solo,medium,wellness|adventure|history|religious,4,winter,no_preference,False
222,adult,Chinese,solo,medium,religious|food|history,1,autumn,no_preference,True
223,adult,Qatari,couple,medium,nature|religious|adventure,3,winter,quiet,False
224,adult,American,family,low,nature|food,12,spring,crowded,True
225,adult,Jordanian,couple,medium,adventure|beach|wellness,11,winter,crowded,False
226,teen,Egyptian,solo,medium,food|beach,5,spring,quiet,True
227,adult,Saudi,couple,high,adventure|wellness|history,10,summer,quiet,True
228,adult,French,family,high,food,8,summer,quiet,False
229,adult,Saudi,solo,low,adventure,2,autumn,crowded,True
230,adult,Egyptian,solo,medium,nature|wellness|food,6,summer,quiet,False
231,senior,American,family,medium,adventure|religious,3,winter,no_preference,False
232,adult,British,family,medium,food,7,winter,no_preference,True
233,adult,Saudi,family,low,adventure,9,winter,no_preference,False
234,adult,Saudi,family,high,adventure|history,11,autumn,crowded,False
235,senior,German,friends,medium,history|beach,10,spring,crowded,True
236,adult,Egyptian,solo,high,adventure|wellness|nature,7,spring,quiet,True
237,adult,Saudi,couple,low,food|religious,5,autumn,quiet,False
238,adult,Indian,family,medium,wellness|nature,10,autumn,no_preference,True
239,adult,Kuwaiti,friends,low,nature|religious,5,spring,no_preference,False
240,adult,Egyptian,family,medium,food|religious,3,summer,quiet,False
241,adult,Jordanian,friends,medium,history,5,spring,no_preference,False
242,adult,Saudi,family,high,history|wellness,4,winter,crowded,False
243,adult,British,solo,low,beach|wellness|food|religious,4,summer,no_preference,False
244,adult,German,couple,medium,wellness,6,winter,crowded,False
245,adult,Emirati,family,low,beach|wellness|adventure,12,summer,crowded,False
246,senior,Egyptian,solo,medium,beach|history,3,autumn,crowded,False
247,adult,Canadian,solo,medium,adventure|wellness,3,summer,no_preference,False
248,adult,Egyptian,couple,medium,religious|food,3,winter,no_preference,True
249,adult,French,solo,medium,food|religious|nature,6,winter,no_preference,False
250,teen,French,couple,medium,beach|wellness,11,summer,crowded,False
251,adult,Italian,couple,low,food|religious|nature|wellness,10,winter,no_preference,False
252,adult,Egyptian,solo,medium,adventure|beach|nature,5,winter,quiet,True
253,adult,Saudi,couple,medium,adventure|wellness,3,winter,quiet,True
254,adult,American,friends,high,wellness|nature,8,spring,quiet,True
255,adult,German,friends,low,nature|adventure,4,autumn,quiet,False
256,senior,Egyptian,family,medium,history|beach,11,summer,no_preference,False
257,adult,Egyptian,family,low,food|history|wellness,4,summer,crowded,False
258,teen,Saudi,friends,medium,wellness|history,4,winter,no_preference,True
259,adult,French,solo,low,nature|beach|history,4,summer,crowded,False
260,teen,German,solo,high,food|adventure|religious,6,winter,quiet,True
261,adult,Emirati,solo,medium,history|food|religious,4,spring,crowded,False
262,senior,British,family,medium,nature|adventure|wellness,11,autumn,no_preference,True
263,adult,Egyptian,family,low,history|beach|food|nature,4,winter,quiet,True
264,adult,Egyptian,couple,medium,history|nature,14,autumn,crowded,False
265,senior,Jordanian,family,medium,wellness|beach|food,3,spring,no_preference,True
266,adult,Italian,family,medium,adventure|history|food,8,spring,quiet,True
267,adult,Egyptian,family,high,beach,6,autumn,crowded,False
268,adult,French,friends,low,religious|nature|beach,4,winter,quiet,True
269,adult,Jordanian,family,medium,religious|wellness|adventure,6,winter,quiet,False
270,adult,French,solo,medium,religious|beach,2,summer,no_preference,False
271,teen,French,couple,high,food|wellness,7,winter,quiet,False
272,adult,French,couple,high,adventure,10,winter,crowded,False
273,adult,Egyptian,couple,high,nature|religious,5,winter,quiet,True
274,senior,Kuwaiti,friends,medium,food|religious|adventure,8,winter,quiet,False
275,adult,Saudi,couple,medium,wellness|food|beach,9,summer,no_preference,False
276,teen,British,family,medium,history,6,spring,quiet,True
277,adult,Chinese,family,medium,food|religious,7,spring,quiet,False
278,teen,Italian,solo,medium,food|history|wellness,3,spring,quiet,True
279,adult,Egyptian,solo,medium,adventure,6,winter,quiet,False
280,adult,German,friends,high,history|religious,9,spring,no_preference,False
281,teen,British,couple,high,food|beach,12,winter,crowded,False
282,adult,Egyptian,couple,low,beach|nature|adventure,12,summer,quiet,True
283,adult,Chinese,friends,low,adventure|nature|beach,3,winter,crowded,False
284,adult,French,couple,medium,nature,3,summer,quiet,True
285,adult,Egyptian,family,high,wellness|history|religious,8,winter,no_preference,False
286,adult,Egyptian,friends,low,history|food,7,summer,crowded,False
287,senior,Italian,couple,low,beach|adventure,5,spring,crowded,False
288,adult,Emirati,solo,low,food,5,autumn,quiet,False
289,adult,British,friends,low,food|beach|adventure|wellness,6,spring,no_preference,False
290,teen,Egyptian,couple,low,food|history|wellness|nature,5,spring,quiet,False
291,adult,Saudi,family,medium,beach|nature|wellness,11,autumn,crowded,True
292,adult,Emirati,couple,low,adventure|wellness,3,autumn,crowded,True
293,senior,Egyptian,family,low,history|wellness,8,spring,quiet,False
294,adult,Emirati,solo,high,nature|food|religious,4,spring,quiet,False
295,adult,Emirati,family,low,food|history|beach,10,winter,crowded,True
296,adult,French,couple,low,religious|food,12,winter,quiet,True
297,adult,Saudi,friends,high,history|nature,9,autumn,no_preference,False
298,adult,British,solo,low,food|nature|wellness|history,2,winter,quiet,True
299,teen,Australian,family,high,history|food|wellness,4,winter,crowded,True
300,adult,Italian,couple,high,religious|beach|wellness,10,winter,quiet,True
301,senior,Saudi,family,low,nature|adventure|religious,9,spring,no_preference,False
302,senior,Egyptian,couple,high,nature|beach,9,summer,no_preference,False
303,adult,Kuwaiti,solo,medium,adventure,4,spring,no_preference,False
304,adult,German,friends,medium,food|history|adventure,5,autumn,crowded,True
305,senior,Emirati,couple,low,beach|food,4,summer,no_preference,False
306,senior,Chinese,solo,medium,food|religious|adventure,1,winter,quiet,True
307,adult,Saudi,couple,medium,beach|history,10,spring,quiet,True
308,adult,Egyptian,couple,low,beach|nature|religious,3,spring,crowded,True
309,teen,German,couple,medium,food|beach|nature,12,spring,quiet,True
310,adult,American,couple,high,adventure,11,spring,quiet,True
311,adult,Chinese,solo,low,beach|adventure,3,autumn,crowded,False
312,adult,Egyptian,family,medium,adventure|religious,3,winter,quiet,True
313,adult,American,friends,high,beach|adventure|religious,6,spring,crowded,False
314,senior,Emirati,family,medium,history|nature,3,summer,no_preference,True
315,adult,Egyptian,couple,high,food|beach,12,summer,no_preference,True
316,senior,French,couple,high,beach|food|history|adventure,14,winter,no_preference,True
317,teen,Egyptian,friends,medium,history|nature|adventure,9,winter,no_preference,True
318,teen,Egyptian,family,medium,food|religious,12,summer,quiet,True
319,adult,Egyptian,family,medium,religious|beach|adventure,3,winter,no_preference,False
320,senior,Egyptian,family,medium,adventure,11,autumn,crowded,True
321,adult,Emirati,solo,medium,nature|history|adventure,4,autumn,crowded,False
322,adult,American,family,low,wellness|nature|history|adventure,10,summer,no_preference,True
323,senior,Saudi,family,medium,history|food,12,winter,no_preference,True
324,adult,British,friends,medium,beach|food|religious,10,spring,no_preference,False
325,adult,German,family,low,wellness|religious,11,winter,no_preference,True
326,adult,Egyptian,family,medium,religious,12,spring,quiet,True
327,adult,Saudi,solo,low,adventure|nature|history|beach,4,winter,quiet,False
328,adult,Egyptian,family,medium,beach|wellness,8,winter,crowded,False
329,adult,British,solo,low,wellness|adventure|history,3,winter,quiet,True
330,adult,Egyptian,friends,medium,nature|food|adventure,4,summer,quiet,False
331,adult,Egyptian,friends,medium,wellness|history|nature|religious,3,spring,crowded,True
332,adult,German,couple,medium,nature|adventure|food,5,autumn,quiet,False
333,adult,Egyptian,friends,high,religious|adventure|nature,7,summer,crowded,False
334,teen,Emirati,family,medium,wellness|food,9,summer,quiet,False
335,teen,Saudi,couple,high,nature,3,summer,no_preference,False
336,adult,German,family,medium,religious,7,winter,no_preference,True
337,adult,Egyptian,friends,medium,religious|adventure|beach|nature,9,summer,quiet,True
338,teen,British,solo,medium,history|food,7,winter,crowded,False
339,teen,Jordanian,family,medium,history|food|religious,6,spring,quiet,False
340,adult,Saudi,family,low,adventure|religious|nature,12,winter,no_preference,False
341,adult,British,friends,high,religious|history,6,winter,quiet,True
342,adult,Saudi,family,medium,food,7,winter,crowded,False
343,senior,German,couple,low,food|history|beach,5,summer,quiet,False
344,teen,Saudi,couple,medium,wellness|history|beach,14,spring,crowded,False
345,senior,Egyptian,couple,medium,history|adventure,14,summer,quiet,False
346,senior,Egyptian,couple,low,wellness|adventure,10,summer,crowded,True
347,adult,Australian,couple,medium,food,7,autumn,quiet,False
348,senior,Australian,family,high,adventure|religious,12,autumn,quiet,True
349,adult,British,couple,medium,history|beach,5,winter,no_preference,False
350,adult,Egyptian,couple,medium,history,13,winter,quiet,True
351,adult,Egyptian,friends,medium,wellness|nature,8,winter,quiet,False
352,adult,German,couple,medium,wellness|adventure|food,6,autumn,quiet,False
353,adult,British,couple,medium,history|food,9,summer,crowded,True
354,senior,Egyptian,friends,medium,nature|adventure|religious,9,winter,no_preference,False
355,teen,Egyptian,family,low,food|history|beach|wellness,12,autumn,quiet,True
356,senior,Egyptian,couple,high,beach|food,6,winter,crowded,False
357,adult,Jordanian,couple,medium,adventure|food,7,winter,no_preference,True
358,adult,Egyptian,friends,high,history|wellness|nature|beach,4,winter,crowded,True
359,senior,Kuwaiti,couple,high,nature,6,autumn,quiet,False
360,adult,American,family,high,adventure|nature,8,summer,no_preference,True
361,adult,Egyptian,solo,medium,adventure|nature|history,4,winter,crowded,True
362,senior,Egyptian,solo,high,history|food|religious,4,spring,crowded,False
363,adult,French,friends,medium,nature|adventure|wellness,6,summer,quiet,True
364,adult,Egyptian,friends,medium,history|food,4,summer,quiet,False
365,adult,Spanish,solo,medium,religious|wellness|food,1,summer,crowded,True
366,senior,Italian,family,medium,history|beach,9,summer,no_preference,False
367,teen,Egyptian,solo,medium,religious|history,4,winter,no_preference,False
368,senior,Egyptian,couple,high,nature|food,6,winter,quiet,True
369,senior,Kuwaiti,family,medium,beach,4,spring,quiet,False
370,adult,Egyptian,family,medium,history|religious|nature,6,summer,no_preference,False
371,adult,Italian,friends,medium,food,7,winter,crowded,False
372,adult,French,couple,low,adventure,13,spring,quiet,False
373,teen,Egyptian,family,low,beach|history|adventure,7,winter,no_preference,True
374,teen,Saudi,couple,medium,religious,5,winter,crowded,False
375,adult,Qatari,couple,high,nature|history,5,autumn,quiet,False
376,senior,German,solo,medium,nature|wellness,4,winter,no_preference,False
377,teen,French,solo,medium,adventure|religious|wellness|food,7,spring,no_preference,False
378,adult,Egyptian,couple,low,food|beach|wellness,4,spring,quiet,False
379,senior,Saudi,family,medium,nature|food,7,winter,quiet,False
380,teen,Egyptian,family,medium,food|religious|history,7,spring,quiet,False
381,adult,Egyptian,friends,low,history|adventure|food,6,spring,crowded,True
382,adult,American,family,medium,adventure|history,12,spring,crowded,False
383,senior,Emirati,couple,medium,wellness,10,summer,crowded,False
384,adult,Egyptian,solo,medium,adventure,6,winter,quiet,False
385,adult,Emirati,couple,medium,wellness,12,winter,no_preference,False
386,adult,Emirati,family,medium,food|religious|wellness,11,spring,no_preference,True
387,teen,Egyptian,solo,high,history,4,spring,crowded,True
388,adult,Egyptian,family,medium,adventure|food,4,winter,quiet,False
389,adult,Italian,friends,high,beach|history|adventure,9,summer,no_preference,False
390,adult,Egyptian,couple,medium,religious|adventure,12,summer,quiet,True
391,adult,Italian,couple,low,food|adventure|wellness|religious,8,autumn,no_preference,False
392,adult,Egyptian,friends,low,history|nature,7,winter,crowded,True
393,adult,German,family,medium,history|religious|wellness,7,summer,quiet,True
394,adult,Emirati,couple,medium,adventure|nature,12,autumn,no_preference,False
395,adult,Saudi,solo,low,food|history|religious,6,summer,crowded,True
396,senior,Egyptian,family,low,food|adventure|wellness,5,winter,crowded,False
397,adult,Egyptian,couple,medium,history,7,winter,quiet,False
398,adult,Jordanian,solo,high,nature|food|beach,6,autumn,crowded,False
399,senior,Polish,solo,high,nature|adventure|religious,1,autumn,quiet,False
400,adult,Polish,couple,medium,wellness|religious|food,3,summer,crowded,True
401,adult,Polish,friends,high,beach|adventure,7,autumn,no_preference,False
402,adult,American,couple,medium,wellness|beach|nature,5,winter,crowded,True
403,adult,Saudi,family,medium,food,4,summer,no_preference,False
404,adult,French,family,low,religious|nature|adventure,3,winter,crowded,False
405,adult,Egyptian,solo,medium,adventure,5,spring,quiet,True
406,senior,Saudi,friends,low,wellness|beach,4,spring,no_preference,True
407,senior,Egyptian,friends,medium,nature|religious|beach,9,winter,quiet,True
408,adult,Egyptian,family,low,food|nature|beach|wellness,12,winter,quiet,True
409,adult,Egyptian,solo,low,nature|wellness|beach,5,winter,no_preference,True
410,adult,Egyptian,couple,medium,adventure|wellness|beach,8,winter,quiet,False
411,senior,Emirati,friends,high,religious|wellness|nature,6,winter,quiet,False
412,adult,Egyptian,family,low,religious|adventure|wellness,5,winter,crowded,False
413,teen,Chinese,friends,medium,adventure|religious|beach,6,winter,quiet,True
414,adult,British,family,medium,wellness|food|religious,4,winter,quiet,False
415,adult,Saudi,solo,low,religious,7,spring,quiet,True
416,teen,Egyptian,friends,low,history|beach,6,winter,crowded,True
417,adult,Jordanian,friends,low,religious|beach|wellness,3,spring,quiet,False
418,adult,Saudi,couple,medium,beach,10,spring,no_preference,False
419,adult,German,friends,high,history|wellness,2,winter,crowded,True
420,adult,Spanish,family,low,food|beach,9,spring,crowded,False
421,adult,Egyptian,family,medium,food|beach|history,8,spring,quiet,False
422,adult,American,couple,high,adventure|nature|food,5,spring,quiet,True
423,senior,Italian,family,medium,food|wellness,5,autumn,crowded,False
424,adult,French,couple,high,wellness|adventure|religious,3,autumn,quiet,False
425,senior,French,couple,medium,history|food|beach,5,winter,quiet,False
426,teen,Saudi,friends,low,nature|religious|adventure|wellness,3,spring,crowded,False
427,adult,Emirati,friends,medium,beach,6,autumn,no_preference,True
428,senior,Egyptian,solo,high,beach|wellness,6,winter,no_preference,False
429,adult,Italian,couple,medium,wellness|history|nature,10,autumn,crowded,False
430,adult,American,family,high,history,11,autumn,crowded,False
431,adult,Saudi,couple,medium,nature|beach|food,9,winter,no_preference,True
432,adult,American,solo,high,food|beach,5,winter,quiet,True
433,teen,German,couple,high,nature|adventure|history,11,spring,crowded,False
434,adult,Saudi,family,low,history|religious,11,winter,no_preference,False
435,teen,Saudi,family,low,religious,11,autumn,no_preference,True
436,adult,Egyptian,couple,medium,adventure|wellness,3,winter,quiet,False
437,adult,Egyptian,couple,medium,food|adventure|history,8,autumn,crowded,False
438,senior,German,couple,low,food|beach|history,12,winter,crowded,False
439,teen,German,friends,low,food|beach|history,7,spring,quiet,False
440,adult,Egyptian,family,high,adventure,5,autumn,no_preference,False
441,adult,American,friends,low,nature|wellness|adventure,4,winter,quiet,False
442,teen,Saudi,family,low,history|nature|wellness|adventure,7,winter,no_preference,True
443,adult,Saudi,family,high,adventure,6,summer,crowded,False
444,adult,American,friends,medium,food|adventure,10,winter,crowded,True
445,adult,Egyptian,family,medium,adventure|religious|wellness,7,winter,crowded,True
446,senior,Egyptian,family,low,nature|beach,7,winter,crowded,True
447,teen,Egyptian,couple,medium,adventure|history|food,7,spring,no_preference,True
448,adult,Egyptian,friends,high,food|wellness,8,autumn,quiet,False
449,adult,Dutch,family,medium,wellness|food,5,summer,quiet,False
450,adult,Italian,couple,medium,wellness|food|religious,7,autumn,quiet,False
451,adult,German,couple,medium,nature|wellness,4,winter,no_preference,True
452,teen,Egyptian,friends,medium,adventure,4,winter,quiet,False
453,teen,Saudi,couple,high,food|history|nature,8,summer,quiet,False
454,adult,American,solo,low,food,4,summer,no_preference,False
455,adult,Egyptian,family,low,wellness|beach,10,winter,quiet,True
456,adult,Saudi,couple,medium,history|nature|food,12,spring,no_preference,False
457,senior,Kuwaiti,couple,medium,food|nature|history|religious,13,winter,crowded,False
458,adult,American,family,medium,food|religious|beach,3,winter,no_preference,True
459,senior,American,family,medium,religious,10,spring,crowded,True
460,adult,American,couple,low,history,6,winter,no_preference,False
461,adult,Kuwaiti,solo,low,food,3,summer,crowded,True
462,adult,Egyptian,solo,low,religious|history|adventure,2,winter,crowded,False
463,adult,British,couple,low,food|adventure|wellness,4,autumn,quiet,False
464,adult,Emirati,family,medium,religious,8,spring,quiet,True
465,senior,Egyptian,family,medium,nature|food|beach,4,summer,quiet,True
466,teen,Egyptian,family,low,beach|wellness|religious,9,winter,quiet,False
467,adult,British,solo,high,history|food,7,summer,quiet,True
468,adult,Chinese,couple,low,wellness|beach,12,spring,no_preference,True
469,adult,Egyptian,couple,medium,wellness|beach,4,spring,no_preference,True
470,senior,Qatari,couple,low,history|wellness|beach,14,winter,crowded,True
471,teen,Egyptian,friends,medium,history|nature|food|religious,3,winter,quiet,False
472,teen,British,couple,high,food|adventure|beach|religious,8,winter,quiet,False
473,adult,Emirati,couple,medium,history|beach,5,summer,no_preference,True
474,adult,Emirati,family,low,wellness|history|food,11,winter,crowded,False
475,adult,British,family,medium,wellness|religious|beach,12,summer,no_preference,False
476,adult,German,friends,medium,history|food|wellness,9,summer,no_preference,False
477,adult,French,solo,high,adventure|wellness|religious|history,2,spring,quiet,False
478,adult,Emirati,friends,medium,nature,3,spring,no_preference,True
479,adult,Saudi,couple,medium,nature|religious,8,winter,no_preference,True
480,adult,Chinese,solo,low,adventure|religious,6,spring,quiet,False
481,adult,German,couple,medium,adventure|beach|wellness|history,4,winter,quiet,False
482,adult,Egyptian,solo,medium,food|beach,2,winter,quiet,True
483,adult,American,family,high,nature,6,winter,quiet,True
484,adult,Egyptian,solo,low,religious|food|history,3,summer,quiet,True
485,teen,Saudi,family,medium,religious|food|beach,7,autumn,no_preference,False
486,senior,Egyptian,friends,high,history|religious,4,winter,crowded,False
487,senior,Canadian,couple,medium,religious|beach|nature,13,spring,crowded,False
488,teen,Italian,couple,low,religious|food,12,summer,quiet,True
489,adult,German,family,low,adventure|history|nature,3,summer,no_preference,False
490,teen,Jordanian,friends,medium,adventure|religious|food,5,winter,quiet,False
491,adult,Saudi,friends,high,wellness|religious|history,9,winter,crowded,False
492,adult,Egyptian,friends,high,religious|food,6,winter,no_preference,False
493,senior,Egyptian,family,high,adventure|nature,9,spring,quiet,True
494,adult,Emirati,family,medium,history,3,autumn,quiet,True
495,adult,British,family,low,wellness|adventure|nature,6,winter,crowded,True
496,adult,Egyptian,couple,medium,beach,8,spring,no_preference,False
497,adult,British,family,high,food|nature|adventure|wellness,5,spring,quiet,False
498,adult,British,solo,medium,religious|adventure|history|food,2,winter,quiet,False
499,adult,German,solo,low,food,4,winter,no_preference,True
500,senior,Egyptian,family,low,history|adventure|food,9,autumn,no_preference,False
501,adult,German,friends,high,wellness|beach|nature,7,summer,no_preference,False
502,adult,Polish,friends,low,nature,7,winter,no_preference,True
503,senior,Egyptian,friends,low,beach,9,winter,crowded,False
504,adult,Russian,couple,low,wellness,10,winter,no_preference,False
505,senior,Egyptian,couple,low,wellness|history,4,spring,crowded,False
506,teen,Egyptian,couple,medium,religious,10,spring,no_preference,False
507,teen,Emirati,couple,high,beach,12,winter,quiet,True
508,adult,Egyptian,friends,low,history|food,9,winter,quiet,False
509,adult,Chinese,couple,low,adventure|nature,13,winter,crowded,False
510,adult,Italian,couple,medium,religious|history|nature,9,winter,no_preference,True
511,adult,Saudi,family,high,food|nature|adventure,9,autumn,crowded,True
512,adult,Saudi,family,medium,wellness|history|religious,11,winter,no_preference,True
513,adult,Egyptian,couple,medium,religious,7,spring,no_preference,True
514,adult,Egyptian,family,medium,religious|wellness|adventure,7,winter,quiet,False
515,adult,Egyptian,family,low,religious,12,winter,crowded,True
516,adult,British,friends,medium,history|wellness|food|religious,10,autumn,crowded,False
517,adult,Jordanian,family,medium,adventure|beach,6,summer,no_preference,False
518,adult,Egyptian,family,low,wellness|religious|history,3,winter,crowded,True
519,teen,Egyptian,friends,high,nature|food|wellness,10,spring,quiet,False
520,adult,Egyptian,solo,medium,religious,5,autumn,crowded,True
521,adult,Egyptian,friends,medium,religious|food|beach,8,winter,quiet,False
522,adult,Chinese,family,high,nature|food,12,spring,crowded,True
523,teen,Qatari,couple,medium,adventure|religious|nature,10,winter,quiet,False
524,adult,Chinese,solo,low,food|wellness,7,winter,crowded,True
525,teen,Egyptian,couple,low,food|nature|history,9,summer,quiet,False
526,adult,French,solo,medium,adventure|nature,7,spring,crowded,False
527,adult,Saudi,couple,medium,history|religious|wellness|food,13,winter,crowded,False
528,teen,Saudi,friends,medium,adventure|religious,5,spring,crowded,False
529,senior,American,family,high,religious|wellness|beach,11,winter,quiet,False
530,adult,Egyptian,friends,high,religious|wellness,4,spring,no_preference,False
531,teen,Saudi,family,medium,beach|history|religious|nature,6,spring,quiet,True
532,teen,Spanish,couple,low,food|wellness|beach,9,winter,crowded,False
533,adult,British,friends,low,wellness,10,summer,crowded,False
534,senior,German,couple,medium,wellness|nature,14,winter,no_preference,True
535,adult,Egyptian,family,high,beach|religious|adventure,11,spring,crowded,True
536,adult,Qatari,family,medium,nature|wellness|religious,9,winter,no_preference,True
537,adult,Saudi,family,low,beach,10,winter,quiet,False
538,adult,Emirati,solo,medium,food|religious,3,winter,quiet,False
539,adult,Qatari,couple,low,adventure|nature,13,summer,quiet,False
540,adult,German,family,high,nature|food,12,spring,no_preference,False
541,adult,Egyptian,couple,low,beach|food|religious,7,spring,quiet,True
542,adult,British,solo,high,food,7,winter,no_preference,True
543,teen,British,family,medium,beach,10,summer,quiet,True
544,senior,Saudi,friends,high,food|religious|adventure|nature,3,winter,quiet,False
545,teen,German,solo,medium,religious|wellness,4,winter,crowded,False
546,adult,Saudi,couple,high,adventure|beach,7,spring,quiet,True
547,adult,Emirati,couple,low,nature|history,8,summer,no_preference,False
548,adult,Emirati,couple,high,nature|food,14,spring,quiet,False
549,senior,Egyptian,solo,high,beach|religious,3,spring,quiet,False
550,adult,American,solo,medium,nature|food,2,autumn,crowded,True
551,adult,Egyptian,solo,medium,nature|religious|beach,2,autumn,quiet,True
552,adult,Saudi,couple,high,religious|beach|nature,3,spring,crowded,True
553,teen,Egyptian,couple,medium,food|nature|wellness,4,spring,quiet,False
554,adult,Egyptian,solo,high,beach|history,5,summer,no_preference,False
555,adult,Egyptian,couple,medium,beach|wellness|nature|religious,13,spring,no_preference,True
556,senior,French,friends,medium,food|adventure,6,spring,quiet,False
557,adult,Chinese,couple,medium,adventure,4,spring,quiet,False
558,adult,Chinese,couple,medium,beach|religious,14,autumn,quiet,False
559,adult,Egyptian,couple,medium,history,5,winter,crowded,True
560,senior,American,friends,medium,adventure|beach,2,spring,no_preference,False
561,senior,Egyptian,couple,high,wellness|adventure|beach|food,3,winter,quiet,True
562,adult,German,family,low,religious,12,autumn,crowded,True
563,adult,Saudi,family,medium,food,7,winter,no_preference,False
564,senior,German,solo,medium,nature,5,summer,quiet,False
565,adult,Egyptian,couple,low,beach|religious|wellness|food,6,spring,crowded,False
566,senior,British,friends,medium,food,4,summer,quiet,False
567,teen,Egyptian,family,low,nature|food,5,spring,quiet,True
568,adult,Egyptian,friends,medium,food|adventure|religious,5,winter,no_preference,True
569,adult,Italian,family,low,adventure|nature|wellness,9,winter,crowded,False
570,adult,Saudi,friends,high,history|wellness,3,summer,no_preference,True
571,teen,Saudi,couple,high,beach|wellness,8,summer,quiet,False
572,adult,French,family,low,history|food|wellness,6,winter,crowded,True
573,teen,Egyptian,couple,medium,food|adventure|nature,12,winter,crowded,False
574,adult,Kuwaiti,family,low,history|food,8,spring,no_preference,False
575,adult,Chinese,couple,medium,history|nature|adventure,10,winter,quiet,True
576,adult,American,couple,low,wellness|nature,11,spring,crowded,False
577,teen,Italian,friends,low,nature|food|history|adventure,7,autumn,quiet,False
578,adult,Saudi,friends,medium,beach|adventure|wellness,4,winter,quiet,False
579,adult,American,family,high,religious|food|wellness|adventure,11,winter,no_preference,False
580,adult,Kuwaiti,family,low,adventure,6,spring,no_preference,False
581,adult,Egyptian,couple,high,nature|religious|history,11,winter,crowded,True
582,senior,British,family,high,nature|food|history,12,winter,quiet,True
583,adult,Egyptian,family,medium,adventure|religious|nature,6,winter,quiet,False
584,adult,Egyptian,family,medium,beach,5,winter,quiet,True
585,adult,Dutch,solo,medium,religious|wellness,1,winter,quiet,False
586,adult,German,solo,low,nature,5,winter,quiet,False
587,adult,Egyptian,solo,medium,religious|wellness|history|nature,2,spring,no_preference,False
588,adult,British,family,medium,wellness,12,summer,quiet,True
589,senior,Emirati,couple,low,wellness|nature,7,spring,quiet,False
590,senior,Egyptian,family,medium,wellness|food|history|beach,12,spring,crowded,True
591,adult,Egyptian,couple,medium,wellness|food,14,spring,no_preference,True
592,adult,Egyptian,family,medium,history,4,winter,no_preference,False
593,senior,Italian,family,low,wellness|history|food,9,winter,crowded,True
594,teen,British,family,medium,beach,9,winter,no_preference,True
595,senior,Saudi,family,medium,wellness|adventure,9,summer,quiet,True
596,adult,Egyptian,couple,low,nature,13,winter,no_preference,False
597,adult,Italian,family,high,beach|nature,8,autumn,quiet,True
598,adult,Egyptian,couple,medium,religious|wellness,11,spring,quiet,True
599,teen,Jordanian,family,medium,beach|history|nature,7,spring,quiet,False
600,adult,Saudi,family,low,nature|religious,9,summer,quiet,False
601,adult,Emirati,solo,low,adventure,2,autumn,quiet,True
602,adult,British,solo,low,food|beach,3,summer,crowded,True
603,adult,Egyptian,friends,low,nature|history|adventure,8,winter,quiet,False
604,adult,Saudi,friends,high,history|beach|nature,3,winter,quiet,True
605,adult,Qatari,solo,medium,history|wellness,5,winter,crowded,False
606,adult,American,solo,high,adventure|history,2,spring,quiet,False
607,adult,Egyptian,couple,medium,wellness|adventure,6,autumn,quiet,False
608,senior,Egyptian,couple,low,adventure|history,5,winter,quiet,False
609,senior,Kuwaiti,couple,medium,food,6,winter,quiet,False
610,adult,Italian,family,medium,nature,12,spring,no_preference,True
611,adult,British,friends,low,religious|nature|food,5,winter,quiet,True
612,adult,Egyptian,solo,medium,beach|nature|religious,2,winter,crowded,True
613,adult,Italian,family,high,food|history,11,winter,quiet,False
614,teen,Egyptian,family,high,nature|beach,9,winter,crowded,False
615,adult,British,family,low,history|food|wellness,11,autumn,no_preference,True
616,teen,Egyptian,couple,medium,wellness|adventure|beach,7,spring,no_preference,True
617,teen,Egyptian,friends,high,adventure|religious|wellness,5,winter,quiet,False
618,adult,Italian,family,high,food|nature,5,spring,no_preference,False
619,teen,Egyptian,friends,low,history|religious,8,spring,quiet,False
620,adult,Saudi,couple,low,religious|adventure|beach|wellness,6,winter,crowded,True
621,adult,Saudi,solo,high,food|nature,1,spring,no_preference,False
622,adult,Saudi,friends,medium,adventure|food,3,spring,no_preference,False
623,adult,Egyptian,family,low,adventure|beach,3,spring,crowded,True
624,adult,Egyptian,family,medium,nature|religious|adventure,3,winter,quiet,False
625,adult,Saudi,solo,low,beach,7,winter,quiet,False
626,adult,Egyptian,couple,high,nature|adventure,11,summer,crowded,True
627,adult,Egyptian,family,high,beach|food|nature|history,6,winter,crowded,False
628,teen,Spanish,solo,medium,nature,1,spring,no_preference,False
629,adult,Emirati,solo,low,adventure,4,summer,crowded,False
630,adult,Saudi,friends,medium,nature,5,autumn,quiet,True
631,teen,Emirati,solo,medium,beach|religious,3,spring,quiet,False
632,teen,British,couple,low,wellness|adventure|religious|food,7,summer,no_preference,True
633,adult,Italian,couple,low,religious,10,summer,quiet,False
634,adult,Saudi,couple,high,adventure|nature,10,summer,no_preference,False
635,senior,Saudi,couple,high,food|beach,8,spring,quiet,True
636,senior,Saudi,solo,high,history|religious|beach,6,winter,quiet,True
637,adult,Egyptian,friends,high,food|religious|nature,8,summer,quiet,True
638,adult,American,couple,medium,beach,8,autumn,quiet,True
639,teen,Indian,solo,high,religious|beach|wellness|food,3,autumn,crowded,False
640,adult,British,family,medium,wellness|nature,10,winter,quiet,False
641,adult,French,couple,medium,nature|food,5,winter,crowded,True
642,adult,British,family,medium,religious|wellness|beach,11,winter,no_preference,False
643,adult,Saudi,family,medium,history|religious,3,summer,quiet,False
644,adult,French,couple,low,history|nature,3,winter,crowded,False
645,adult,German,friends,low,wellness,4,winter,quiet,False
646,adult,Jordanian,family,high,beach,4,winter,quiet,False
647,senior,Qatari,family,high,history|beach|religious,10,winter,quiet,True
648,adult,British,couple,low,religious|nature,13,winter,quiet,False
649,adult,Emirati,family,low,wellness,10,summer,crowded,True
650,adult,American,couple,high,religious|adventure|wellness,3,summer,no_preference,True
651,senior,British,solo,low,nature|food,5,autumn,quiet,False
652,adult,Kuwaiti,friends,high,history|religious,8,spring,crowded,False
653,adult,Jordanian,friends,low,beach,3,winter,quiet,False
654,adult,Saudi,couple,high,religious|beach,6,spring,crowded,True
655,senior,French,family,high,religious|food|nature,7,winter,quiet,False
656,senior,British,couple,low,history|food|wellness,10,spring,crowded,False
657,adult,Egyptian,couple,medium,nature|beach|food,13,spring,quiet,False
658,adult,French,solo,high,history|nature,7,autumn,no_preference,False
659,adult,Egyptian,solo,high,history|adventure,4,winter,quiet,True
660,teen,Saudi,couple,medium,religious|wellness|history,13,spring,no_preference,True
661,senior,American,family,low,beach|history|wellness|religious,8,spring,quiet,False
662,adult,Italian,family,medium,adventure|history,11,summer,no_preference,False
663,teen,Italian,friends,medium,beach|adventure|religious,9,spring,no_preference,True
664,adult,American,friends,low,history|nature|food,10,spring,crowded,False
665,senior,Jordanian,solo,low,history|beach,7,spring,quiet,True
666,adult,Emirati,friends,medium,beach|religious|adventure,8,winter,quiet,False
667,adult,Chinese,friends,high,food,4,spring,quiet,False
668,adult,Saudi,couple,high,religious,9,spring,no_preference,False
669,teen,Egyptian,friends,medium,religious|food,8,spring,no_preference,False
670,adult,British,family,medium,beach,4,summer,no_preference,False
671,adult,Kuwaiti,couple,medium,food|history,4,winter,quiet,True
672,adult,German,solo,high,adventure,1,winter,quiet,True
673,adult,German,couple,high,adventure|religious|nature,9,winter,quiet,False
674,adult,British,couple,high,food|history,13,winter,no_preference,True
675,adult,Saudi,friends,medium,wellness|adventure,5,summer,crowded,True
676,teen,Egyptian,friends,high,wellness,8,spring,crowded,True
677,adult,Saudi,friends,medium,religious|nature,8,summer,quiet,True
678,adult,Egyptian,family,low,religious|food|beach|history,4,summer,crowded,True
679,adult,Saudi,solo,medium,wellness|nature,7,spring,quiet,False
680,adult,Emirati,friends,high,nature|wellness|food,7,summer,no_preference,True
681,adult,Indian,friends,high,history|food,9,winter,no_preference,True
682,teen,Egyptian,family,medium,food|history,5,summer,no_preference,True
683,adult,Egyptian,friends,low,wellness|adventure,10,winter,crowded,False
684,adult,Kuwaiti,family,medium,wellness|history,3,winter,no_preference,True
685,adult,Egyptian,couple,low,religious,4,autumn,quiet,False
686,adult,Egyptian,solo,high,adventure|food|wellness,1,summer,crowded,True
687,senior,Australian,solo,high,wellness,7,winter,crowded,True
688,senior,French,solo,high,religious|beach,5,summer,no_preference,False
689,senior,Egyptian,friends,high,nature|wellness,4,winter,quiet,True
690,adult,Saudi,family,low,food,7,spring,quiet,False
691,adult,Egyptian,family,medium,history|beach,9,winter,quiet,True
692,adult,Saudi,solo,low,food|wellness|history|adventure,3,autumn,crowded,False
693,adult,Egyptian,couple,high,nature|adventure|wellness,12,summer,no_preference,False
694,adult,Egyptian,family,medium,wellness,4,spring,no_preference,True
695,senior,Saudi,friends,medium,history,8,spring,quiet,True
696,adult,Saudi,couple,low,religious|wellness|food,10,winter,crowded,True
697,adult,American,couple,medium,adventure|nature|religious,5,spring,quiet,True
698,adult,Egyptian,couple,medium,religious,14,spring,no_preference,True
699,adult,Egyptian,family,low,food|beach,9,spring,quiet,False
700,adult,Egyptian,couple,low,food|nature,14,summer,no_preference,False
701,teen,Egyptian,couple,low,religious|beach|food|wellness,7,winter,no_preference,False
702,adult,British,family,medium,wellness|food,4,autumn,crowded,False
703,adult,Saudi,friends,medium,beach|religious|nature,4,winter,no_preference,False
704,adult,Emirati,family,high,religious|history,10,summer,crowded,False
705,adult,Saudi,friends,medium,beach|wellness|food|history,8,winter,quiet,False
706,adult,Saudi,friends,medium,beach|nature|food,5,spring,quiet,True
707,adult,French,couple,high,beach|nature|wellness,9,autumn,no_preference,True
708,adult,Saudi,couple,low,religious|wellness|adventure,9,winter,no_preference,False
709,adult,Egyptian,family,low,adventure|nature,9,spring,quiet,False
710,adult,Australian,couple,low,adventure|food|religious,12,autumn,quiet,False
711,adult,Saudi,friends,medium,history|adventure,5,spring,crowded,False
712,adult,German,solo,low,food|beach,6,autumn,no_preference,False
713,adult,French,solo,medium,religious|nature|wellness,7,spring,no_preference,True
714,adult,Egyptian,couple,medium,adventure|wellness|history,3,summer,quiet,True
715,adult,Saudi,family,medium,beach|religious|nature,11,winter,no_preference,False
716,teen,Egyptian,family,high,religious|beach,10,winter,no_preference,True
717,adult,Saudi,family,low,wellness,12,winter,quiet,False
718,senior,Dutch,family,medium,beach|food|history,10,autumn,quiet,True
719,adult,Emirati,solo,medium,wellness|history,1,summer,quiet,False
720,adult,French,solo,medium,nature|beach|food|religious,3,spring,no_preference,False
721,adult,British,family,low,beach|religious|wellness,8,spring,quiet,False
722,adult,Egyptian,couple,medium,wellness|nature|adventure,8,winter,crowded,True
723,adult,Saudi,family,medium,history|nature,4,winter,no_preference,True
724,senior,Emirati,family,medium,food,4,spring,quiet,False
725,senior,Egyptian,solo,medium,beach|nature,2,spring,no_preference,False
726,adult,Egyptian,family,low,religious|beach,8,winter,crowded,False
727,adult,Egyptian,couple,low,wellness|beach|adventure,13,winter,quiet,True
728,teen,Egyptian,solo,low,nature,6,spring,quiet,True
729,adult,British,couple,medium,history|nature,12,summer,quiet,False
730,adult,French,couple,low,wellness,12,winter,no_preference,True
731,senior,German,friends,medium,history|nature,5,spring,quiet,True
732,adult,Egyptian,family,medium,adventure|nature|history|religious,11,winter,quiet,True
733,senior,Jordanian,family,medium,food|beach,10,winter,quiet,True
734,adult,German,solo,low,nature|wellness,5,autumn,crowded,False
735,adult,French,friends,medium,food|religious,8,summer,quiet,False
736,senior,Saudi,family,high,religious,4,spring,crowded,True
737,senior,French,family,medium,adventure,10,winter,quiet,False
738,adult,Egyptian,family,low,adventure|nature,7,winter,no_preference,False
739,adult,British,solo,low,religious|history,6,spring,crowded,True
740,teen,British,couple,high,history,6,autumn,no_preference,True
741,adult,Spanish,friends,low,beach|food|adventure,10,autumn,quiet,True
742,adult,French,friends,low,religious|beach|adventure,8,winter,no_preference,True
743,adult,Egyptian,family,medium,wellness|nature,11,summer,quiet,False
744,senior,Italian,family,medium,nature|beach,11,autumn,quiet,True
745,senior,French,solo,high,food|beach,2,winter,quiet,True
746,adult,Egyptian,couple,medium,wellness,12,winter,quiet,True
747,adult,Kuwaiti,couple,medium,food|history,10,summer,crowded,True
748,adult,Emirati,family,medium,adventure|wellness,11,spring,crowded,False
749,adult,Saudi,family,low,wellness|adventure|nature|religious,10,winter,quiet,False
750,senior,Emirati,family,medium,history|religious|adventure,6,spring,quiet,True
751,adult,Emirati,friends,medium,food|beach|religious,6,summer,crowded,True
752,adult,British,couple,high,wellness|religious|adventure,11,winter,crowded,False
753,senior,Saudi,family,medium,religious|history|food,11,winter,crowded,False
754,teen,Egyptian,couple,high,food|religious,3,winter,quiet,False
755,senior,Kuwaiti,couple,high,wellness,11,winter,quiet,True
756,adult,Egyptian,friends,low,wellness|history|beach,6,summer,crowded,False
757,teen,German,solo,high,history|wellness,3,summer,quiet,True
758,teen,Saudi,family,low,adventure|history|wellness,4,spring,quiet,False
759,adult,German,couple,high,beach|adventure,14,autumn,no_preference,False
760,senior,Egyptian,family,medium,food|nature|religious|wellness,5,winter,quiet,False
761,adult,British,couple,medium,adventure,6,autumn,crowded,False
762,adult,Egyptian,couple,medium,adventure|history,12,winter,quiet,True
763,senior,Egyptian,friends,medium,food|religious|nature|beach,7,winter,no_preference,False
764,senior,Egyptian,solo,low,food|adventure,5,autumn,crowded,True
765,adult,British,family,medium,adventure|religious,4,autumn,quiet,True
766,adult,German,solo,high,adventure|wellness,1,autumn,crowded,False
767,adult,Saudi,family,medium,adventure|nature|beach,5,autumn,no_preference,True
768,adult,Emirati,couple,medium,nature|food|beach,13,winter,no_preference,True
769,adult,Emirati,couple,high,beach|religious,13,winter,crowded,True
770,teen,British,family,medium,wellness|adventure|nature|history,4,winter,no_preference,True
771,teen,Saudi,family,high,nature|food|adventure,10,winter,crowded,False
772,adult,Australian,couple,high,food|religious|history|nature,14,winter,crowded,False
773,adult,Emirati,friends,high,nature|adventure,7,winter,quiet,False
774,adult,Saudi,family,low,adventure|religious,9,summer,quiet,True
775,adult,Saudi,couple,low,wellness|beach|adventure|food,8,winter,quiet,False
776,adult,German,friends,low,food|religious|nature,4,spring,crowded,False
777,adult,Chinese,solo,medium,wellness|food,6,spring,crowded,False
778,adult,Egyptian,couple,low,history|adventure|wellness|nature,4,summer,crowded,False
779,adult,Egyptian,family,medium,beach|wellness,10,summer,crowded,True
780,adult,Polish,family,low,wellness|beach,5,winter,no_preference,False
781,adult,Emirati,couple,low,food|beach,7,winter,no_preference,True
782,senior,Egyptian,friends,medium,food|adventure,3,spring,no_preference,True
783,teen,Saudi,couple,medium,nature|beach|history,9,spring,no_preference,False
784,adult,Egyptian,couple,medium,nature|adventure|beach|wellness,13,spring,quiet,True
785,adult,Egyptian,friends,low,history|adventure,5,spring,quiet,False
786,adult,Emirati,family,high,beach|religious|adventure,11,winter,crowded,False
787,adult,Saudi,couple,medium,history|adventure,14,winter,crowded,True
788,adult,Egyptian,solo,high,history|wellness|beach,4,autumn,no_preference,True
789,adult,British,family,low,wellness|history|nature,4,spring,quiet,True
790,adult,Saudi,family,low,food,5,spring,quiet,True
791,adult,Egyptian,solo,medium,adventure,7,spring,crowded,False
792,senior,Jordanian,family,medium,nature|adventure|beach,4,summer,no_preference,False
793,adult,Egyptian,solo,low,history|religious,6,summer,crowded,True
794,adult,Egyptian,friends,medium,food|nature|beach,4,spring,no_preference,False
795,adult,Egyptian,family,medium,religious|nature,10,autumn,no_preference,False
796,teen,Polish,family,medium,history|adventure|beach|nature,12,spring,crowded,False
797,adult,Polish,family,medium,food|wellness|adventure,5,summer,no_preference,True
798,adult,Emirati,solo,medium,nature|history|beach,5,spring,crowded,False
799,adult,Emirati,couple,high,nature|religious,7,spring,crowded,False
800,senior,German,couple,medium,nature|history|food,6,winter,no_preference,False
801,adult,British,couple,low,religious,6,spring,no_preference,False
802,senior,Chinese,couple,medium,food|nature|history,6,summer,crowded,False
803,adult,Egyptian,friends,high,history|beach,9,winter,crowded,False
804,senior,Saudi,friends,high,history|religious|adventure,7,summer,quiet,False
805,adult,Egyptian,solo,high,beach,4,winter,crowded,False
806,teen,British,family,high,religious,9,summer,no_preference,True
807,adult,French,couple,medium,nature,5,winter,quiet,False
808,adult,Egyptian,family,medium,adventure|history,3,winter,crowded,False
809,adult,Egyptian,friends,high,history,6,spring,no_preference,True
810,adult,Egyptian,family,high,history|wellness|religious,7,spring,no_preference,False
811,senior,Egyptian,couple,medium,religious|wellness|nature|adventure,4,winter,quiet,False
812,adult,Dutch,family,low,religious|adventure,5,winter,crowded,True
813,teen,German,family,medium,food,4,autumn,crowded,False
814,adult,Saudi,family,medium,beach|adventure,11,spring,quiet,True
815,senior,Egyptian,couple,medium,religious|nature,13,winter,no_preference,False
816,adult,Egyptian,friends,low,history|food|wellness|beach,2,spring,no_preference,True
817,adult,Saudi,friends,medium,wellness,3,winter,crowded,False
818,teen,Egyptian,solo,medium,religious,1,spring,quiet,True
819,adult,Saudi,solo,low,nature|adventure|beach,1,autumn,quiet,True
820,adult,Egyptian,family,medium,beach|nature,3,spring,quiet,True
821,senior,American,family,high,food,11,autumn,quiet,False
822,senior,Egyptian,friends,medium,adventure|nature|food,4,winter,no_preference,True
823,senior,Saudi,couple,medium,nature|food,14,winter,no_preference,False
824,senior,Egyptian,friends,low,adventure|history|food,8,autumn,crowded,True
825,adult,American,friends,medium,history|food,3,spring,crowded,False
826,adult,German,family,low,religious|food,3,spring,quiet,False
827,adult,Chinese,solo,low,religious|beach,3,autumn,no_preference,True
828,adult,Emirati,couple,medium,adventure|history|religious|nature,6,autumn,no_preference,False
829,teen,Egyptian,friends,high,history|adventure,2,winter,crowded,True
830,adult,German,couple,low,wellness|food|adventure|beach,5,winter,quiet,False
831,adult,Egyptian,friends,high,adventure,2,winter,crowded,False
832,adult,American,friends,medium,nature|adventure,8,spring,no_preference,True
833,adult,British,couple,medium,beach|wellness,14,summer,no_preference,True
834,adult,Kuwaiti,friends,medium,adventure|history,7,spring,quiet,True
835,adult,Egyptian,family,medium,nature,3,summer,no_preference,True
836,adult,Egyptian,couple,medium,adventure|religious,3,winter,no_preference,False
837,senior,Egyptian,friends,medium,history,9,spring,crowded,False
838,adult,American,couple,medium,adventure|food,8,summer,quiet,True
839,adult,Egyptian,couple,high,wellness|history,8,winter,quiet,True
840,adult,Saudi,couple,low,religious|food|adventure,6,autumn,quiet,False
841,adult,Emirati,family,medium,religious|wellness,6,autumn,quiet,False
842,senior,Emirati,friends,medium,religious|beach,4,spring,crowded,True
843,adult,British,couple,high,wellness|history|beach|food,13,winter,quiet,False
844,adult,Saudi,solo,medium,history|food|adventure,7,summer,no_preference,False
845,adult,Saudi,solo,medium,adventure|nature|food,1,autumn,quiet,True
846,teen,Egyptian,friends,medium,beach|wellness,9,winter,no_preference,False
847,adult,American,family,low,beach|nature|food,4,spring,quiet,True
848,senior,Saudi,solo,medium,beach|religious|wellness|food,4,winter,no_preference,False
849,adult,Egyptian,couple,low,history|religious,4,winter,crowded,False
850,senior,American,friends,medium,nature,8,winter,no_preference,True
851,teen,German,solo,high,religious,1,spring,quiet,True
852,adult,Saudi,family,high,beach|adventure|food|religious,8,winter,no_preference,False
853,adult,Chinese,friends,high,wellness|nature|food|religious,9,summer,no_preference,True
854,adult,Egyptian,friends,high,history|beach|nature|adventure,4,winter,crowded,True
855,adult,Egyptian,family,medium,wellness|adventure|food|nature,4,summer,crowded,False
856,teen,Egyptian,family,high,adventure|beach|wellness,7,spring,quiet,False
857,adult,French,couple,low,adventure|history,4,spring,quiet,True
858,teen,Egyptian,family,low,nature|food|religious,3,autumn,no_preference,True
859,adult,Chinese,solo,medium,adventure|food|beach,1,winter,no_preference,False
860,adult,British,couple,high,food|wellness,11,summer,crowded,True
861,adult,Egyptian,friends,high,food,6,summer,no_preference,False
862,teen,Italian,family,low,beach|history,9,spring,crowded,False
863,adult,Jordanian,couple,medium,religious,14,autumn,quiet,False
864,teen,Egyptian,couple,low,history|wellness|adventure,5,spring,quiet,True
865,adult,Saudi,friends,medium,history|beach,4,autumn,no_preference,True
866,adult,Saudi,couple,medium,wellness|food|history,12,spring,quiet,False
867,adult,Saudi,family,low,adventure|history,3,spring,crowded,False
868,adult,Saudi,friends,medium,beach|nature,9,winter,crowded,False
869,adult,Russian,family,medium,history|food,4,winter,quiet,True
870,adult,American,couple,medium,wellness|history,5,spring,crowded,False
871,adult,French,family,medium,wellness|nature,9,winter,crowded,False
872,senior,Saudi,solo,high,wellness|nature|adventure,2,winter,no_preference,True
873,teen,Spanish,solo,medium,beach,3,summer,no_preference,True
874,adult,German,friends,medium,beach|history|religious,5,winter,no_preference,False
875,adult,Canadian,family,low,wellness,9,summer,no_preference,False
876,adult,Saudi,family,medium,wellness|history,4,winter,no_preference,True
877,adult,Dutch,solo,low,beach|wellness,2,summer,quiet,False
878,adult,Italian,couple,medium,adventure|religious|beach,13,summer,crowded,False
879,adult,British,couple,medium,religious|history,9,autumn,crowded,False
880,teen,Egyptian,solo,low,food|wellness|religious,7,spring,no_preference,False
881,adult,Emirati,couple,low,religious|adventure,8,winter,quiet,True
882,senior,Egyptian,solo,low,beach|history|food,5,summer,no_preference,True
883,adult,Saudi,family,medium,adventure,7,winter,quiet,True
884,adult,Italian,solo,high,wellness|religious|food,7,summer,quiet,False
885,teen,Spanish,solo,medium,beach|adventure|history,2,spring,quiet,False
886,adult,American,couple,high,food,11,winter,quiet,False
887,senior,Saudi,family,low,nature|history,6,autumn,quiet,False
888,teen,French,couple,low,adventure|wellness,8,winter,no_preference,False
889,adult,American,couple,medium,adventure|beach|nature,6,winter,crowded,False
890,adult,Italian,solo,medium,adventure|nature|food|history,6,summer,quiet,False
891,adult,Chinese,friends,medium,religious|adventure,4,winter,quiet,False
892,adult,British,friends,high,beach,9,autumn,no_preference,False
893,adult,Egyptian,family,low,beach|wellness|history,4,spring,quiet,True
894,adult,German,couple,low,religious|beach,3,winter,quiet,False
895,adult,Russian,couple,low,history,8,autumn,no_preference,False
896,adult,Saudi,friends,low,beach|adventure|food,4,winter,no_preference,False
897,teen,Saudi,family,medium,adventure|food,3,spring,no_preference,True
898,adult,Egyptian,friends,medium,religious|nature|beach,3,spring,quiet,False
899,senior,Saudi,couple,high,adventure,8,winter,no_preference,False
900,adult,French,friends,high,food,8,winter,quiet,False
901,adult,Saudi,couple,medium,food|adventure,8,spring,quiet,True
902,adult,American,family,high,beach|nature,9,winter,crowded,False
903,adult,Egyptian,friends,medium,wellness|nature|food,4,winter,quiet,False
904,adult,Spanish,family,medium,religious,12,summer,quiet,False
905,adult,Emirati,solo,low,beach|nature,5,spring,crowded,False
906,adult,Egyptian,solo,low,wellness|food,6,winter,quiet,False
907,adult,Polish,friends,medium,beach|adventure,2,summer,quiet,False
908,adult,Dutch,solo,medium,religious|wellness,7,summer,no_preference,False
909,adult,Emirati,couple,high,religious,3,spring,crowded,True
910,adult,Emirati,couple,medium,food,12,winter,no_preference,True
911,adult,Egyptian,couple,high,religious|history,10,autumn,no_preference,True
912,adult,Egyptian,friends,high,nature|history,5,spring,crowded,True
913,adult,British,family,medium,food|beach,4,spring,crowded,False
914,adult,Emirati,family,medium,nature|adventure,8,autumn,quiet,True
915,adult,Jordanian,friends,medium,food|beach,5,autumn,crowded,False
916,senior,Egyptian,couple,medium,food|adventure|history|religious,3,winter,quiet,True
917,senior,Dutch,couple,low,nature|wellness,5,winter,no_preference,False
918,adult,Saudi,friends,medium,wellness|adventure,7,summer,crowded,False
919,senior,Spanish,family,low,history|wellness|religious,6,winter,no_preference,True
920,adult,Egyptian,family,medium,history,3,winter,quiet,True
921,adult,British,solo,medium,food|adventure,1,summer,no_preference,True
922,adult,Saudi,solo,medium,beach|wellness|adventure|history,5,spring,quiet,False
923,senior,Saudi,solo,medium,history,3,winter,crowded,False
924,adult,British,friends,low,religious,9,spring,crowded,False
925,senior,Russian,family,medium,wellness|nature|beach,12,spring,no_preference,False
926,senior,British,family,low,beach,3,winter,quiet,True
927,adult,Saudi,solo,low,beach|adventure|wellness|food,6,winter,quiet,True
928,adult,Russian,family,medium,beach|history,3,winter,crowded,True
929,adult,Egyptian,solo,low,religious|wellness,2,spring,quiet,True
930,teen,Jordanian,solo,high,history|wellness|adventure|food,7,spring,quiet,False
931,teen,Egyptian,family,high,religious|wellness,6,spring,no_preference,True
932,adult,Italian,friends,low,beach|adventure,6,winter,crowded,False
933,teen,Chinese,friends,low,wellness|history,6,spring,quiet,False
934,senior,American,friends,low,wellness|adventure,6,summer,no_preference,True
935,adult,Egyptian,family,low,religious|wellness|beach|food,9,spring,quiet,True
936,teen,Saudi,family,medium,wellness|history,7,summer,quiet,True
937,adult,Egyptian,solo,high,food|beach,7,spring,no_preference,True
938,senior,Egyptian,couple,medium,history|beach,14,winter,quiet,False
939,adult,Egyptian,family,medium,history|nature,8,winter,crowded,False
940,senior,Saudi,solo,medium,wellness|religious,2,autumn,quiet,False
941,senior,Saudi,friends,medium,adventure|wellness|religious,8,summer,quiet,False
942,teen,Saudi,solo,high,nature|wellness,5,winter,no_preference,False
943,adult,British,couple,low,wellness|food|history|adventure,14,winter,quiet,True
944,adult,Egyptian,couple,high,religious,11,winter,quiet,False
945,senior,Egyptian,couple,high,nature|religious,5,spring,crowded,True
946,adult,Egyptian,solo,medium,adventure|wellness|beach,2,winter,quiet,False
947,adult,American,family,high,adventure|beach|nature,3,winter,quiet,True
948,adult,German,couple,low,nature|wellness,6,spring,quiet,False
949,senior,Italian,family,low,nature|beach|religious,7,winter,quiet,True
950,senior,American,couple,medium,nature|history|adventure,9,autumn,no_preference,False
951,teen,Saudi,friends,medium,religious|food,6,winter,crowded,False
952,adult,Saudi,solo,medium,adventure|history,7,winter,no_preference,False
953,senior,Egyptian,family,medium,religious,11,spring,quiet,False
954,adult,German,couple,low,history|wellness|beach,5,summer,crowded,False
955,adult,Saudi,family,medium,religious|history|nature,12,winter,quiet,False
956,teen,Italian,couple,medium,adventure,7,winter,crowded,False
957,adult,Saudi,friends,medium,food|wellness|adventure,8,spring,no_preference,False
958,adult,Emirati,family,medium,religious|adventure,10,winter,no_preference,True
959,senior,Egyptian,family,medium,food,9,autumn,no_preference,True
960,adult,Egyptian,friends,medium,religious|nature,8,summer,quiet,True
961,adult,Egyptian,solo,high,food|nature,2,winter,quiet,True
962,teen,Dutch,friends,high,wellness|food,7,winter,quiet,True
963,adult,Spanish,family,high,adventure|food,7,summer,crowded,True
964,teen,American,family,high,wellness|nature|history|beach,5,winter,crowded,True
965,senior,Egyptian,couple,medium,nature|wellness,8,winter,crowded,True
966,adult,Egyptian,friends,medium,wellness|religious,3,autumn,crowded,True
967,adult,Egyptian,couple,high,beach|wellness|nature|food,3,autumn,no_preference,False
968,adult,Saudi,solo,high,beach,1,spring,quiet,True
969,adult,Emirati,couple,high,religious|wellness,5,summer,quiet,False
970,adult,Jordanian,family,high,religious|adventure|history,5,autumn,quiet,True
971,adult,Egyptian,couple,medium,adventure|beach,3,winter,no_preference,True
972,adult,Egyptian,solo,medium,wellness,1,summer,quiet,False
973,adult,Saudi,family,medium,nature|beach,7,winter,no_preference,True
974,teen,Egyptian,solo,high,wellness,5,winter,no_preference,True
975,senior,Russian,family,medium,history|nature|adventure|beach,8,winter,crowded,False
976,adult,Dutch,solo,low,wellness|beach,7,spring,crowded,False
977,adult,German,friends,high,religious|food,7,winter,crowded,True
978,senior,Qatari,friends,low,food,3,summer,crowded,True
979,adult,Dutch,couple,medium,wellness|history,5,summer,no_preference,False
980,adult,Qatari,solo,medium,adventure|beach,7,spring,quiet,True
981,teen,Saudi,friends,high,beach|nature,5,summer,quiet,True
982,adult,German,family,high,wellness,11,winter,quiet,True
983,senior,Egyptian,couple,low,adventure|nature|history,10,winter,no_preference,False
984,adult,Egyptian,couple,medium,nature|beach|religious|history,6,autumn,quiet,True
985,teen,Saudi,family,medium,adventure|food|nature|wellness,9,autumn,quiet,False
986,senior,Egyptian,friends,low,wellness|food,5,winter,crowded,False
987,teen,Italian,family,low,nature|religious,12,summer,no_preference,True
988,adult,Egyptian,couple,high,history|adventure,11,winter,crowded,False
989,adult,Egyptian,friends,medium,adventure|food|religious|nature,6,winter,crowded,False
990,adult,American,family,low,wellness|history|food,7,winter,quiet,False
991,adult,Emirati,solo,medium,adventure|food|nature|religious,2,summer,quiet,True
992,adult,American,couple,medium,adventure|beach|history,12,spring,crowded,True
993,adult,Egyptian,family,low,food|nature|beach,3,winter,no_preference,False
994,adult,British,couple,low,food|adventure,9,spring,quiet,True
995,adult,German,friends,medium,nature|history|religious|beach,7,winter,quiet,False
996,teen,Egyptian,friends,medium,beach|nature,10,spring,quiet,False
997,teen,Chinese,couple,medium,wellness|nature|food,11,winter,no_preference,True
998,teen,Chinese,solo,medium,beach|nature|religious,2,autumn,quiet,True
999,adult,Egyptian,couple,low,wellness|beach|food|nature,13,summer,crowded,False
1000,teen,Saudi,friends,medium,nature|history|beach|food,5,spring,quiet,False
